﻿AREA DE SALUD;NOMBRE PAC;NOMBRE DE CENTRO DE GUARDIA;HORARIO;Codigo Zona;ZONA BASICA DE SALUD;UBICACIÓN;DIRECCION;LOCALIDAD;CODPOSTAL;MUNICIPIO;PROVINCIA;COORDENADAS;Column 14
Ávila;BARCO DE AVILA EL;;15-8h laborables y 8-8 h SDF;170108;El Barco de Ávila;Centro Salud Barco De Ávila;C/ De Las Eras, S/N.;Barco De Ávila (El);05600;Barco de Ávila, El;Ávila;40.3574477, -5.5200847;
Ávila;AVILA RURAL;;15-8h laborables y 8-8 h SDF;170105;Ávila Rural;Centro Salud Ávila Rural;C/ Santa Fé Esquina Madrigal, S/N;Ávila;05003;Ávila;Ávila;40.6505777, -4.684595700000001;
Ávila;GREDOS;;15-8h laborables y 8-8 h SDF;170113;Gredos;Centro Salud Gredos;C/ Las Mozas, S/N;Navarredonda De Gredos;05635;Navarredonda de Gredos;Ávila;40.3615876, -5.1312498;
Ávila;INTEGRADO AVILA;;15-8h laborables y 8-8 h SDF;170103;Ávila Estacion;Centro De Especialidades Periféricas;C/ Cuartel De La Montaña, Nº 13;Ávila;05001;Ávila;Ávila;40.65661230000001, -4.6854968;
Ávila;INTEGRADO AVILA;;15-8h laborables y 8-8 h SDF;170104;Ávila Norte;Centro De Especialidades Periféricas;C/ Cuartel De La Montaña, Nº 13;Ávila;05001;Ávila;Ávila;40.65661230000001, -4.6854968;
Ávila;CANDELEDA;;15-8h laborables y 8-8 h SDF;170110;Candeleda;Centro Salud Candeleda;C/ Chilla, S/N;Candeleda;05480;Candeleda;Ávila;40.1537804, -5.2441615;
Ávila;BURGOHONDO;;15-8h laborables y 8-8 h SDF;170109;Burgohondo;Centro Salud Burgohondo;Plaza Mayor, S/N;Burgohondo;05113;Burgohondo;Ávila;40.4145268, -4.7856637;
Ávila;CEBREROS;;15-8h laborables y 8-8 h SDF;170111;Cebreros;Centro Salud Cebreros;Plaza De La Constitución, S/N.;Cebreros;05260;Cebreros;Ávila;40.459323, -4.4642354;
Ávila;MOMBELTRAN;;15-8h laborables y 8-8 h SDF;170116;Mombeltran;Centro Salud Mombeltran;C/ Jose Manuel Fernandez Santiago, S/N;Mombeltrán;05410;Mombeltrán;Ávila;40.2585881, -5.016031600000001;
Ávila;PIEDRAHITA;;15-8h laborables y 8-8 h SDF;170117;Piedrahíta;Centro Salud Piedrahíta;Plaza Nueva De La Villa, S/N;Piedrahíta;05500;Piedrahíta;Ávila;40.46252399999999, -5.326505699999999;
Ávila;INTEGRADO AVILA;;15-8h laborables y 8-8 h SDF;170107;Ávila Sur Oeste;Centro De Especialidades Periféricas;C/ Cuartel De La Montaña, Nº 13;Ávila;05001;Ávila;Ávila;40.65661230000001, -4.6854968;
Ávila;INTEGRADO AVILA;;15-8h laborables y 8-8 h SDF;170122;Ávila Sur Este;Centro De Especialidades Periféricas;C/ Cuartel De La Montaña, Nº 13;Ávila;05001;Ávila;Ávila;40.65661230000001, -4.6854968;
Ávila;MUÑICO;;15-8h laborables y 8-8 h SDF;170121;Muñico;Centro Salud Muñico;C/ De La Salud, S/N.;Muñico;05144;Muñico;Ávila;40.7072854, -5.0279986;
Ávila;ARENAS DE SAN PEDRO;;15-8h laborables y 8-8 h SDF;170101;Arenas De San Pedro;Centro Salud Arenas De San Pedro;C/ Pintor Martínez Vazquez, Nº 21;Arenas De San Pedro;05400;Arenas de San Pedro;Ávila;40.2118076, -5.0853364;
Ávila;AREVALO;;15-8h laborables y 8-8 h SDF;170102;Arevalo;Centro Salud Arévalo;Avda. Emilio Romero, S/N.;Arévalo;05200;Arévalo;Ávila;41.0549828, -4.7135016;
Ávila;LANZAHITA;;15-8h laborables y 8-8 h SDF;170106;Lanzahita;Centro Salud Lanzahíta;C/ Felipe Velasco, S/N;Lanzahíta;05490;Lanzahíta;Ávila;40.204475, -4.9371192;
Ávila;MADRIGAL DE LAS ALTAS TORRES;;15-8h laborables y 8-8 h SDF;170115;Madrigal De Las Altas Torres;Centro Salud Madrigal De Las Altas Torres;C/ Isabel La Catolica, S/N;Madrigal De Las Altas Torres;05220;Madrigal de las Altas Torres;Ávila;41.0880963, -4.9957425;
Ávila;NAVAS DEL MARQUES LAS;;15-8h laborables y 8-8 h SDF;170114;Las Navas del Marqués;Centro Salud Las Navas Del Marqués;Tsia. Grupo Escolar, Nº 10;Las Navas Del Marqués;05230;Navas del Marqués, Las;Ávila;40.6057673, -4.3328331;
Ávila;FONTIVEROS;;15-8h laborables y 8-8 h SDF;170112;Fontiveros;Centro Salud Fontiveros;Paseo Chico, Nº 1;Fontiveros;05310;Fontiveros;Ávila;40.92827520000001, -4.963254399999999;
Ávila;MUÑANA;;15-8h laborables y 8-8 h SDF;170120;Muñana;Centro Salud Muñana;C/ Cantarranas, S/N;Muñana;05540;Muñana;Ávila;40.5905737, -5.015191800000001;
Ávila;SAN PEDRO DEL ARROYO;;15-8h laborables y 8-8 h SDF;170118;San Pedro Del Arroyo;Centro Salud San Pedro Del Arroyo;Ctra. Villaflor, S/N.;San Pedro Del Arroyo;05350;San Pedro del Arroyo;Ávila;40.8011256, -4.869119100000001;
Ávila;SOTILLO DE LA ADRADA;;15-8h laborables y 8-8 h SDF;170119;Sotillo de La Adrada;Centro Salud Sotillo De La Adrada;Plaza De La Concordia, S/N;Sotillo de La Adrada;05420;Sotillo de la Adrada;Ávila;40.2934875, -4.5836429;
Ávila;;EL BARRACO;15-8h laborables y 8-8 h SDF;170105;Ávila Rural;CONSULTORIO LOCAL EL BARRACO;CL LA VIRGEN, Nº 1;BARRACO (EL);05110;Barraco, El;ÁVILA;40.475155, -4.6410652;
Burgos;INTEGRADO BURGOS;;15-8h laborables y 8-8 h SDF;170213;Gamonal Iii - Las Torres;Antiguo Hospital Divino Valles;Avenida Islas Baleares, 1. C.P.: 09006 Burgos.;Burgos;09006;Burgos;Burgos;42.359995, -3.6916425;
Burgos;INTEGRADO BURGOS;;15-8h laborables y 8-8 h SDF;170236;Casa la Vega;Antiguo Hospital Divino Valles;Avenida Islas Baleares, 1. C.P.: 09006 Burgos.;Burgos;09006;Burgos;Burgos;42.359995, -3.6916425;
Burgos;VALLE DE MENA;;15-8h laborables y 8-8 h SDF;170234;Valle de Mena;Centro Salud Villasana De Mena;C/ Nocedera, S/N;Villasana de Mena;09580;Valle de Mena;Burgos;43.09913479999999, -3.2827556;
Burgos;VALLE DE VALDEBEZANA;;15-8h laborables y 8-8 h SDF;170232;Valle de Valdebezana;Centro Salud Soncillo;Avda. Rguez. Valcarcel, S/N;Soncillo;09572;Valle de Valdebezana;Burgos;42.9675872, -3.7827032;
Burgos;MIRANDA;;15-8h laborables y 8-8 h SDF;170221;Miranda Este;Centro Salud Miranda Este;C/Ciudad De Vierzón, Nº 11;Miranda De Ebro;09200;Miranda de Ebro;Burgos;42.6839565, -2.9416152;
Burgos;INTEGRADO BURGOS;;15-8h laborables y 8-8 h SDF;170206;Burgos Centro A - Cristobal Acosta;Antiguo Hospital Divino Valles;Avenida Islas Baleares, 1. C.P.: 09006 Burgos.;Burgos;09006;Burgos;Burgos;42.359995, -3.6916425;
Burgos;SEDANO;;15-8h laborables y 8-8 h SDF;170229;Sedano;Centro Salud Sedano;C/ Las Eras, S/N;Sedano;09142;Valle de Sedano;Burgos;42.7129335, -3.7484128;
Burgos;VALLE DE LOSA;;15-8h laborables y 8-8 h SDF;170230;Valle de Losa;Centro Salud Quincoces De Yuso;Barrio De San Pedro, S/N;Quincoces de Yuso;09510;Valle de Losa;Burgos;42.9897321, -3.2444118;
Burgos;ARANDA;;15-8h laborables y 8-8 h SDF;170202;Aranda de Duero Rural;Centro Salud Aranda Sur;C/ Burgo De Osma, Nº 53;Aranda De Duero;09400;Aranda de Duero;Burgos;41.666311, -3.6876176;
Burgos;BURGOS RURAL NORTE SUR;;15-8h laborables y 8-8 h SDF;170208;Burgos Rural Norte;Centro Salud Burgos Rural Sur;C/ Luis Cernuda, Nº 1-11;Burgos;09006;Burgos;Burgos;42.3530842, -3.6806559;
Burgos;ESPINOSA DE LOS MONTEROS;;15-8h laborables y 8-8 h SDF;170211;Espinosa De Los Monteros;Centro Salud Espinosa De Los Monteros;C/ El Progreso, S/N;Espinosa De Los Monteros;09560;Espinosa de los Monteros;Burgos;43.0754869, -3.5492981;
Burgos;INTEGRADO BURGOS;;15-8h laborables y 8-8 h SDF;170207;Burgos Centro B - I. Lopez Saiz;Antiguo Hospital Divino Valles;Avenida Islas Baleares, 1. C.P.: 09006 Burgos.;Burgos;09006;Burgos;Burgos;42.359995, -3.6916425;
Burgos;INTEGRADO BURGOS;;15-8h laborables y 8-8 h SDF;170237;Las Huelgas;Antiguo Hospital Divino Valles;Avenida Islas Baleares, 1. C.P.: 09006 Burgos.;Burgos;09006;Burgos;Burgos;42.359995, -3.6916425;
Burgos;BELORADO;;15-8h laborables y 8-8 h SDF;170204;Belorado;Centro Salud Belorado;C/ Las Cercas, Nº 2;Belorado;09250;Belorado;Burgos;42.4199531, -3.190815;
Burgos;MELGAR DE FERNAMENTAL;;15-8h laborables y 8-8 h SDF;170220;Melgar De Fernamental;Centro Salud Melgar De Fernamental;C/ Cruz De La Ribera, S/N;Melgar De Fernamental;09100;Melgar de Fernamental;Burgos;42.4038866, -4.2478389;
Burgos;INTEGRADO BURGOS;;15-8h laborables y 8-8 h SDF;170217;Comuneros Los;Antiguo Hospital Divino Valles;Avenida Islas Baleares, 1. C.P.: 09006 Burgos.;Burgos;09006;Burgos;Burgos;42.359995, -3.6916425;
Burgos;INTEGRADO BURGOS;;15-8h laborables y 8-8 h SDF;170228;Santa Clara;Antiguo Hospital Divino Valles;Avenida Islas Baleares, 1. C.P.: 09006 Burgos.;Burgos;09006;Burgos;Burgos;42.359995, -3.6916425;
Burgos;BURGOS RURAL NORTE SUR;;15-8h laborables y 8-8 h SDF;170209;Burgos Rural Sur;Centro Salud Burgos Rural Sur;C/ Luis Cernuda, Nº 1-11;Burgos;09006;Burgos;Burgos;42.3530842, -3.6806559;
Burgos;MEDINA DE POMAR;;15-8h laborables y 8-8 h SDF;170219;Medina De Pomar;Centro Salud Medina De Pomar;Avda. Santander, Nº 1;Medina De Pomar;09500;Medina de Pomar;Burgos;42.9323003, -3.4878597;
Burgos;PAMPLIEGA;;15-8h laborables y 8-8 h SDF;170223;Pampliega;Centro Salud Pampliega;C/ Las Eras, S/N;Pampliega;09220;Pampliega;Burgos;42.2045785, -3.9861374;
Burgos;VILLARCAYO DE MERINDAD DE CASTILLA LA;;15-8h laborables y 8-8 h SDF;170235;Villarcayo de Merindad De Castilla La;Centro Salud Villarcayo;Complejo De La Residencia, Nº 4;Villarcayo de Merindad de Castilla la Vieja;09550;Villarcayo de Merindad de Castilla la Vieja;Burgos;42.9443531, -3.5682074;
Burgos;LERMA;;15-8h laborables y 8-8 h SDF;170216;Lerma;Centro Salud Lerma;C/ Subida San Miguel, S/N;Lerma;09340;Lerma;Burgos;42.0240812, -3.7541786;
Burgos;ROA DE DUERO;;15-8h laborables y 8-8 h SDF;170225;Roa De Duero;Centro Salud Roa De Duero;Ctra. Mambrilla, S/N;Roa;09300;Roa;Burgos;41.6961308, -3.9327775;
Burgos;INTEGRADO BURGOS;;15-8h laborables y 8-8 h SDF;170212;Gamonal I - Antigua;Antiguo Hospital Divino Valles;Avenida Islas Baleares, 1. C.P.: 09006 Burgos.;Burgos;09006;Burgos;Burgos;42.359995, -3.6916425;
Burgos;VALLE DE TOBALINA;;15-8h laborables y 8-8 h SDF;170231;Valle de Tobalina;Centro Salud Quintana Martín Galindez;Carretera Miranda, Nº 67;Quintana Martín Galindez;09210;Valle de Tobalina;Burgos;42.7921481, -3.2672079;
Burgos;BRIVIESCA;;15-8h laborables y 8-8 h SDF;170205;Briviesca;Centro Salud Briviesca;C/ Santa Ana Al Rio, Nº 36;Briviesca;09240;Briviesca;Burgos;42.551441, -3.3220697;
Burgos;SALAS DE LOS INFANTES;;15-8h laborables y 8-8 h SDF;170226;Salas De Los Infantes;Centro Salud Salas De Los Infantes;C/ Parque Lara, S/N;Salas De Los Infantes;09600;Salas de los Infantes;Burgos;42.01796760000001, -3.2868196;
Burgos;INTEGRADO BURGOS;;15-8h laborables y 8-8 h SDF;170214;Gamonal Ii - Garcia Lorca;Antiguo Hospital Divino Valles;Avenida Islas Baleares, 1. C.P.: 09006 Burgos.;Burgos;09006;Burgos;Burgos;42.359995, -3.6916425;
Burgos;INTEGRADO BURGOS;;15-8h laborables y 8-8 h SDF;170218;Cubos Los;Antiguo Hospital Divino Valles;Avenida Islas Baleares, 1. C.P.: 09006 Burgos.;Burgos;09006;Burgos;Burgos;42.359995, -3.6916425;
Burgos;ARANDA;;15-8h laborables y 8-8 h SDF;170201;Aranda Norte;Centro Salud Aranda Sur;C/ Burgo De Osma, Nº 53;Aranda De Duero;09400;Aranda de Duero;Burgos;41.666311, -3.6876176;
Burgos;ARANDA;;15-8h laborables y 8-8 h SDF;170203;Aranda Sur;Centro Salud Aranda Sur;C/ Burgo De Osma, Nº 53;Aranda De Duero;09400;Aranda de Duero;Burgos;41.666311, -3.6876176;
Burgos;CONDADO DE TREVIÑO;;15-8h laborables y 8-8 h SDF;170210;Condado De Treviño;Centro Salud Condado De Treviño;C/ Salceda, S/N;Condado De Treviño;09215;Condado de Treviño;Burgos;42.7330636, -2.7514823;
Burgos;HUERTA DEL REY;;15-8h laborables y 8-8 h SDF;170215;Huerta Del Rey;Centro Salud Huerta De Rey;C/ Caridad Nº 33;Huerta De Rey;09430;Huerta de Rey;Burgos;41.8395765, -3.3488445;
Burgos;MIRANDA;;15-8h laborables y 8-8 h SDF;170222;Miranda Oeste;Centro Salud Miranda Este;C/Ciudad De Vierzón, Nº 11;Miranda De Ebro;09200;Miranda de Ebro;Burgos;42.6839565, -2.9416152;
Burgos;QUINTANAR DE LA SIERRA;;15-8h laborables y 8-8 h SDF;170224;Quintanar De La Sierra;Centro Salud Quintanar De La Sierra;C/ De La Iglesia, Nº 25;Quintanar De La Sierra;09670;Quintanar de la Sierra;Burgos;41.9790395, -3.0418546;
Burgos;INTEGRADO BURGOS;;15-8h laborables y 8-8 h SDF;170227;San Agustin;Antiguo Hospital Divino Valles;Avenida Islas Baleares, 1. C.P.: 09006 Burgos.;Burgos;09006;Burgos;Burgos;42.359995, -3.6916425;
Burgos;VILLADIEGO;;15-8h laborables y 8-8 h SDF;170233;Villadiego;Centro Salud Villadiego;C/ Reyes Católicos, S/N;Villadiego;09120;Villadiego;Burgos;42.5142069, -4.010227400000001;
Burgos;;OÑA;15-8h laborables y 8-8 h SDF;170205;Briviesca;CONSULTORIO DE ATENCION PRIMARIA DE OÑA;CL. DEL AGUA 27;OÑA;09530;OÑA;BURGOS;42.7340339, -3.4158286;
Burgos;;PRADOLUENGO;15-22h laborables y 8-22 h SDF;170204;Belorado;CONSULTORIO DE ATENCION PRIMARIA DE PRADOLUENGO;PZ. CLEMENTE ZALDO 15;PRADOLUENGO;09260;PRADOLUENGO;BURGOS;42.3234717, -3.1999424;
El Bierzo;PONFERRADA;;15-8h laborables y 8-8 h SDF;170405;Ponferrada II;Centro Salud Ponferrada II;C/ Vía Pico Tuerto, S/N;Ponferrada;24400;Ponferrada;León;42.5525343, -6.599228099999999;
El Bierzo;CACABELOS;;15-8h laborables y 8-8 h SDF;170402;Cacabelos;Centro Salud Cacabelos;C/ Ángel González , Nº 5;Cacabelos;24540;Cacabelos;León;42.5989143, -6.724543;
El Bierzo;PONFERRADA;;15-8h laborables y 8-8 h SDF;170404;Ponferrada I;Centro Salud Ponferrada II;C/ Vía Pico Tuerto, S/N;Ponferrada;24400;Ponferrada;León;42.5525343, -6.599228099999999;
El Bierzo;PONFERRADA;;15-8h laborables y 8-8 h SDF;170406;Ponferrada III;Centro Salud Ponferrada II;C/ Vía Pico Tuerto, S/N;Ponferrada;24400;Ponferrada;León;42.5525343, -6.599228099999999;
El Bierzo;PUENTE DE DOMINGO FLOREZ;;15-8h laborables y 8-8 h SDF;170407;Puente de Domingo Florez;Centro Salud Puente De Domingo Flórez;C/ Epifamio Campo, Sn;Puente De Domingo Flórez;24380;Puente de Domingo Flórez;León;42.4111748, -6.820192500000001;
El Bierzo;PONFERRADA;;15-8h laborables y 8-8 h SDF;170411;Ponferrada IV;Centro Salud Ponferrada II;C/ Vía Pico Tuerto, S/N;Ponferrada;24400;Ponferrada;León;42.5525343, -6.599228099999999;
El Bierzo;BEMBIBRE;;15-8h laborables y 8-8 h SDF;170401;Bembibre;Centro Salud Bembibre;C/ Carvajal, S/N;Bembibre;24300;Bembibre;León;42.6189139, -6.4178526;
El Bierzo;FABERO;;15-8h laborables y 8-8 h SDF;170403;Fabero;Centro Salud Fabero;Plaza De La Cortina, S/N;Fabero;24420;Fabero;León;42.7682766, -6.627741899999999;
El Bierzo;TORENO;;15-8h laborables y 8-8 h SDF;170408;Toreno;Centro Salud Toreno;C/ Instituto, S/N;Toreno;24450;Toreno;León;42.6955316, -6.5155878;
El Bierzo;VILLAFRANCA DEL BIERZO;;15-8h laborables y 8-8 h SDF;170410;Villafranca del Bierzo;Centro Salud Villafranca del Bierzo;Avda. Diaz Ovelar, S/N;Villafranca del Bierzo;24500;Villafranca del Bierzo;León;42.6102166, -6.806892200000001;
El Bierzo;VILLABLINO;;15-8h laborables y 8-8 h SDF;170409;Villablino;Centro Salud Villablino;Avda. De Asturias, S/N;Villablino;24100;Villablino;León;42.9430977, -6.3312803;
León;;LA ROBLA;15-8h laborables y 8-8 h SDF;170307;Cuenca del Bernesga;CONSULTORIO DE ATENCION PRIMARIA Y PUNTO DE ATENCION CONTINUADA LA ROBLA;CL. SAN JOSE DE CALASANZ 9;ROBLA (LA);24640;ROBLA (LA);LEON;42.803034, -5.631193;
León;ASTORGA I Y II;;15-8h laborables y 8-8 h SDF;170303;Astorga II;Centro Salud Astorga I;C/ Alcalde Carro Verdejo, Nº 11;Astorga;24701;Astorga;León;42.4595138, -6.0564892;
León;JOSE AGUADO;;15-8h laborables y 8-8 h SDF;170317;León VI - Jose Aguado II;Centro Salud José Aguado - León V;Avda. José Aguado, S/N;León;24005;León;León;42.5887106, -5.5648219;
León;RIBERA DEL ORBIGO;;15-8h laborables y 8-8 h SDF;170322;Ribera del Orbigo;Centro Salud Benavides De Orbigo;C/ Conde Luna, S/N;Benavides de Orbigo;24280;Benavides;León;42.503527, -5.893471;
León;ARMUNIA;;15-23h laborables y 8-23 h SDF PRESENCIAL y 23-8h LOCALIZADA;170301;Armunia;Centro Salud Armunia;C/ San Juan Bosco, S/N;Armunia;24190;Armunia;León;42.58077110000001, -5.5863856;
León;RIBERA DEL ESLA;;15-8h laborables y 8-8 h SDF;170321;Ribera del Esla;Centro Salud Ribera Del Esla;Cº Del Camping, S/N;Gradefes;24160;Gradefes;León;42.6241582, -5.2250771;
León;VALDERAS;;15-8h laborables y 8-8 h SDF;170326;Valderas;Centro Salud Valderas;Ctra. Benavente, S/N;Valderas;24220;Valderas;León;42.0759722, -5.4456169;
León;ERAS DE RENUEVA;;15-8h laborables y 8-8 h SDF;170314;León III;Centro Salud Eras De Renueva;C/ Abad Viñayo, S/N;León;24008;León;León;42.6060199, -5.584262499999999;
León;JOSE AGUADO;;15-8h laborables y 8-8 h SDF;170316;León V-José Aguado I;Centro Salud José Aguado - León V;Avda. José Aguado, S/N;León;24005;León;León;42.5887106, -5.5648219;
León;RIAÑO;;15-8h laborables y 8-8 h SDF;170320;Riaño;Centro Salud Riaño;C/ Solasierra, S/N;Riaño;24900;Riaño;León;42.9749454, -5.0005365;
León;SAHAGUN DE CAMPOS;;15-8h laborables y 8-8 h SDF;170323;Sahagun de Campos;Centro Salud Sahagún;C/ Constitución, S/N;Sahagún;24320;Sahagún;León;42.37216859999999, -5.0316766;
León;TROBAJO;;15-8h laborables y 8-8 h SDF;170324;San Andres Rabanedo;Centro Salud Trobajo del Camino;C/ Buenaventura Durruti, Nº 1;Trobajo del Camino;24010;San Andrés del Rabanedo;León;42.5969692, -5.6115027;
León;ERAS DE RENUEVA;;15-8h laborables y 8-8 h SDF;170315;León IV;Centro Salud Eras De Renueva;C/ Abad Viñayo, S/N;León;24008;León;León;42.6060199, -5.584262499999999;
León;SANTA MARIA DEL PARAMO;;15-8h laborables y 8-8 h SDF;170325;Santa Maria del Paramo;Centro Salud Santa María del Paramo;C/ Prado De Arriba, S/N;Santa María del Páramo;24240;Santa María del Páramo;León;42.35618059999999, -5.7510181;
León;CABRERA LA;;15-8h laborables y 8-8 h SDF;170310;Cabrera La;Centro Salud La Cabrera;C/ Piornal, S/N;Truchas;24740;Truchas;León;42.2612133, -6.4320989;
León;ERAS DE RENUEVA;;15-8h laborables y 8-8 h SDF;170312;León I - Eras de Renueva;Centro Salud Antonio Gutierrez Gonzalez;C/ Abad Viñayo, S/N;León;24008;León;León;42.6060199, -5.584262499999999;
León;MAGDALENA LA;;15-8h laborables y 8-8 h SDF;170311;Magdalena La;Centro Salud La Magdalena;Avda. Magdalena, Nº 4;La Magdalena;24120;Soto y Amío;León;42.7819295, -5.8040815;
León;VALENCIA DE DON JUAN;;15-8h laborables y 8-8 h SDF;170327;Valencia de Don Juan;Centro Salud Valencia de Don Juan;Plaza De San Andrés, S/N;Valencia de Don Juan;24200;Valencia de Don Juan;León;42.2942079, -5.5125667;
León;ASTORGA I Y II;;15-8h laborables y 8-8 h SDF;170302;Astorga I;Centro Salud Astorga I;C/ Alcalde Carro Verdejo, Nº 11;Astorga;24700;Astorga;León;42.4595138, -6.0564892;
León;LA BAÑEZA I Y II;;15-8h laborables y 8-8 h SDF;170308;Bañeza I La;Centro Salud La Bañeza I;Parque Juan Ferreras, S/N;Bañeza (La);24750;Bañeza, La;León;42.30663620000001, -5.907253700000001;
León;POLA DE GORDÓN;;15-8h laborables y 8-8 h SDF;170307;Cuenca del Bernesga;Centro Salud La Pola De Gordón;C/ Cardenal Aguirre, S/N;Pola De Gordón (La);24600;Pola de Gordón, La;León;42.8541241, -5.670796;
León;TROBAJO;;15-8h laborables y 8-8 h SDF;170328;Trobajo del Camino - Valverde De La Virgen;Centro Salud Trobajo del Camino;C/ Buenaventura Durruti, Nº 1;Trobajo del Camino;24010;San Andrés del Rabanedo;León;42.5969692, -5.6115027;
León;BABIA;;15-8h laborables y 8-8 h SDF;170304;Babia;Centro Salud San Emiliano De Babia;Ctra. Ventana, Nº 2;San Emiliano;24144;San Emiliano;León;42.96905539999999, -6.0018055;
León;LA BAÑEZA I Y II;;15-8h laborables y 8-8 h SDF;170309;Bañeza II La;Centro Salud La Bañeza I;Parque Juan Ferreras, S/N;Bañeza (La);24750;Bañeza, La;León;42.30663620000001, -5.907253700000001;
León;MATALLANA DE TORIO;;15-8h laborables y 8-8 h SDF;170319;Matallana de Torio;Centro Salud Matallana De Torío;C/ Estación, S/N;Matallana De Torío;24830;Matallana de Torío;León;42.8433077, -5.522366799999999;
León;BOÑAR;;15-8h laborables y 8-8 h SDF;170305;Boñar;Centro Salud Boñar;C/ Las Escuelas, S/N;Boñar;24850;Boñar;León;42.867199, -5.3229288;
León;CISTIERNA;;15-8h laborables y 8-8 h SDF;170306;Cistierna;Centro Salud Cistierna;C/ Batalla De Lepanto, S/N;Cistierna;24800;Cistierna;León;42.8051675, -5.1301262;
León;JOSE AGUADO;;15-8h laborables y 8-8 h SDF;170313;León II - Palomera;Centro Salud José Aguado - León V;Avda. José Aguado, S/N;León;24005;León;León;42.5887106, -5.5648219;
León;MANSILLA DE LAS MULAS;;15-8h laborables y 8-8 h SDF;170318;Mansilla de Las Mulas;Centro Salud Mansilla De Las Mulas;Avda. Villa De Lil, S/N;Mansilla De Las Mulas;24210;Mansilla de las Mulas;León;42.4957509, -5.4196817;
Palencia;INTEGRADO PALENCIA;;15-8h laborables y 8-8 h SDF;170509;La Puebla - Pan y Guindas;Centro Salud La Puebla;Avda. Modesto Lafuente, Nº 2;Palencia;34002;Palencia;Palencia;42.0067274, -4.5264963;
Palencia;VILLAMURIEL DE CERRATO;;15-8h laborables y 8-8 h SDF;170520;Villamuriel de Cerrato;Centro Salud Villamuriel De Cerrato;C/ Valdegudín, S/N;Villamuriel de Cerrato;34190;Villamuriel de Cerrato;Palencia;41.952549, -4.515113599999999;
Palencia;INTEGRADO PALENCIA;;15-8h laborables y 8-8 h SDF;170513;Pintor Oliva;Centro Salud La Puebla;Avda. Modesto Lafuente, Nº 2;Palencia;34002;Palencia;Palencia;42.0067274, -4.5264963;
Palencia;GUARDO;;15-8h laborables y 8-8 h SDF;170506;Guardo;Centro Salud Guardo;C/ Santa Bárbara, Bajo;Guardo;34880;Guardo;Palencia;42.7896836, -4.8488944;
Palencia;INTEGRADO PALENCIA;;15-8h laborables y 8-8 h SDF;170508;Los Jardinillos;Centro Salud La Puebla;Avda. Modesto Lafuente, Nº 2;Palencia;34002;Palencia;Palencia;42.0067274, -4.5264963;
Palencia;HERRERA DE PISUERGA;;15-8h laborables y 8-8 h SDF;170507;Herrera de Pisuerga;Centro Salud Herrera de Pisuerga;C/ María Auxiliadora, S/N;Herrera de Pisuerga;34400;Herrera de Pisuerga;Palencia;42.5957769, -4.3346016;
Palencia;SALDAÑA;;15-8h laborables y 8-8 h SDF;170514;Saldaña;Centro Salud Saldaña;C/ Ronda Don García, S/N;Saldaña;34100;Saldaña;Palencia;42.5214586, -4.7370017;
Palencia;VILLADA;;15-8h laborables y 8-8 h SDF;170519;Villada;Centro Salud Villada;C/ Carlos Casado Del Alisal, S/N;Villada;34340;Villada;Palencia;42.2488777, -4.9661323;
Palencia;TORQUEMADA;;15-8h laborables y 8-8 h SDF;170516;Torquemada;Centro Salud Torquemada;Plaza De Los Bueyes, Nº 13;Torquemada;34230;Torquemada;Palencia;42.0353755, -4.3170777;
Palencia;BALTANAS;;15-8h laborables y 8-8 h SDF;170502;Baltanás;Centro Salud Baltanás;Avda. Juan José Lucas, S/N;Baltanás;34240;Baltanás;Palencia;41.93699, -4.248769999999999;
Palencia;VENTA DE BAÑOS;;15-8h laborables y 8-8 h SDF;170517;Venta de Baños;Centro Salud Venta De Baños;C/ Antonio Machado, S/N;Venta de Baños;34200;Venta de Baños;Palencia;41.9217999, -4.4899822;
Palencia;CARRION DE LOS CONDES;;15-8h laborables y 8-8 h SDF;170503;Carrion de Los Condes;Centro Salud Carrión de Los Condes;Plaza Conde De Garay, S/N;Carrión de Los Condes;34120;Carrión de los Condes;Palencia;42.3356691, -4.601315899999999;
Palencia;OSORNO;;15-8h laborables y 8-8 h SDF;170510;Osorno;Centro Salud Osorno;Carretera De Carrión, 9;Osorno La Mayor;34460;Osorno la Mayor;Palencia;42.4080627, -4.3652335;
Palencia;INTEGRADO PALENCIA;;15-8h laborables y 8-8 h SDF;170515;San Juanillo;Centro Salud La Puebla;Avda. Modesto Lafuente, Nº 2;Palencia;34002;Palencia;Palencia;42.0067274, -4.5264963;
Palencia;AGUILAR DE CAMPOO;;15-8h laborables y 8-8 h SDF;170501;Aguilar De Campoo;Centro Salud Aguilar De Campoo;Pº Del Soto, 5;Aguilar De Campoo;34800;Aguilar de Campoo;Palencia;42.790543, -4.258732999999999;
Palencia;FROMISTA;;15-8h laborables y 8-8 h SDF;170505;Frómista;Centro Salud Frómista;Avda. Ejército Español, 28;Frómista;34440;Frómista;Palencia;42.2695169, -4.403532;
Palencia;PAREDES DE NAVA;;15-8h laborables y 8-8 h SDF;170512;Paredes de Nava;Centro Salud Paredes de Nava;C/ Circunvalación, 22;Paredes de Nava;34300;Paredes de Nava;Palencia;42.1492458, -4.6932581;
Palencia;INTEGRADO PALENCIA;;15-8h laborables y 8-8 h SDF;170511;Palencia Rural;Centro Salud La Puebla;Avda. Modesto Lafuente, Nº 2;Palencia;34002;Palencia;Palencia;42.0067274, -4.5264963;
Palencia;CERVERA PISUERGA;;15-8h laborables y 8-8 h SDF;170504;Cervera Pisuerga;Centro Salud Cervera de Pisuerga;C/ Felipe Calvo, S/N;Cervera de Pisuerga;34840;Cervera de Pisuerga;Palencia;42.8624446, -4.4937682;
Palencia;VILLARRAMIEL;;15-8h laborables y 8-8 h SDF;170518;Villarramiel;Centro Salud Villarramiel;C/ Santa María, S/N;Villarramiel;34350;Villarramiel;Palencia;42.0450464, -4.9136086;
Salamanca;ALBA DE TORMES;;15-8h laborables y 8-8 h SDF;170601;Alba de Tormes;Centro Salud Alba de Tormes;C/ Corrales De La Dehesa, S/N;Alba de Tormes;37800;Alba de Tormes;Salamanca;40.8215819, -5.513402;
Salamanca;PEDROSILLO EL RALO;;15-8h laborables y 8-8 h SDF;170621;Pedrosillo El Ralo;Centro Salud Pedrosillo El Ralo;C/ Santa María, S/N;Pedrosillo El Ralo;37427;Pedrosillo el Ralo;Salamanca;41.0620581, -5.5495697;
Salamanca;ROBLEDA;;15-8h laborables y 8-8 h SDF;170626;Robleda;Centro Salud Robleda;C/ Calzada, S/N;Robleda;37521;Robleda;Salamanca;40.3844304, -6.608791699999999;
Salamanca;SUAP SALAMANCA;;15-8h laborables y 8-8 h SDF;170625;Pizarrales-Vidal;Centro Salud San Juan;C/Valencia Nº 32;Salamanca;37003;Salamanca;Salamanca;40.9717564, -5.660800399999999;
Salamanca;SUAP SALAMANCA;;15-8h laborables y 8-8 h SDF;170636;San Juan;Centro Salud San Juan;C/Valencia Nº 32;Salamanca;37003;Salamanca;Salamanca;40.9717564, -5.660800399999999;
Salamanca;PEÑARANDA DE BRACAMONTE;;15-8h laborables y 8-8 h SDF;170624;Peñaranda de Bracamonte;Centro Salud Peñaranda de Bracamonte;Avda. Los Jardines S/N;Peñaranda de Bracamonte;37300;Peñaranda de Bracamonte;Salamanca;40.8987731, -5.2024183;
Salamanca;SUAP SALAMANCA;;15-8h laborables y 8-8 h SDF;170611;Garrido Norte;Centro Salud San Juan;C/Valencia Nº 32;Salamanca;37003;Salamanca;Salamanca;40.9717564, -5.660800399999999;
Salamanca;SUAP SALAMANCA;;15-8h laborables y 8-8 h SDF;170629;Sancti-Spiritus-Canalejas;Centro Salud San Juan;C/Valencia Nº 32;Salamanca;37003;Salamanca;Salamanca;40.9717564, -5.660800399999999;
Salamanca;SUAP SALAMANCA;;15-8h laborables y 8-8 h SDF;170631;Tejares;Centro Salud San Juan;C/Valencia Nº 32;Salamanca;37003;Salamanca;Salamanca;40.9717564, -5.660800399999999;
Salamanca;ALBERCA LA;;15-8h laborables y 8-8 h SDF;170615;Alberca La;Centro Salud La Alberca;Ctra. Batuecas, S/N;Alberca (La);37624;Alberca, La;Salamanca;40.48988019999999, -6.1120164;
Salamanca;CIUDAD RODRIGO;;15-8h laborables y 8-8 h SDF;170606;Ciudad Rodrigo;Centro Salud Ciudad Rodrigo;Avda. Salamanca, Nº 147-151;Ciudad Rodrigo;37500;Ciudad Rodrigo;Salamanca;40.6090908, -6.522886799999999;
Salamanca;LINARES DE RIOFRIO;;15-8h laborables y 8-8 h SDF;170617;Linares de Riofrio;Centro Salud Linares de Riofrío;Ctra. De Guijuelo, S/N;Linares de Riofrío;37760;Linares de Riofrío;Salamanca;40.5829343, -5.914403399999999;
Salamanca;LUMBRALES;;15-8h laborables y 8-8 h SDF;170618;Lumbrales;Centro Salud Lumbrales;C/ Salas Pombo, Nº 12;Lumbrales;37240;Lumbrales;Salamanca;40.9346881, -6.7178381;
Salamanca;MIRANDA DEL CASTAÑAR;;15-8h laborables y 8-8 h SDF;170620;Miranda del Castañar;Centro Salud Miranda del Castañar;Avda. De La Constitución, Nº 17;Miranda del Castañar;37660;Miranda del Castañar;Salamanca;40.4842837, -5.9967127;
Salamanca;SUAP SALAMANCA;;15-8h laborables y 8-8 h SDF;170614;Alamedilla;Centro Salud San Juan;C/Valencia Nº 32;Salamanca;37003;Salamanca;Salamanca;40.9717564, -5.660800399999999;
Salamanca;SUAP SALAMANCA;;15-8h laborables y 8-8 h SDF;170607;San Bernardo Oeste;Centro Salud San Juan;C/Valencia Nº 32;Salamanca;37003;Salamanca;Salamanca;40.9717564, -5.660800399999999;
Salamanca;SUAP SALAMANCA;;15-8h laborables y 8-8 h SDF;170612;Garrido Sur;Centro Salud San Juan;C/Valencia Nº 32;Salamanca;37003;Salamanca;Salamanca;40.9717564, -5.660800399999999;
Salamanca;SUAP SALAMANCA;;15-8h laborables y 8-8 h SDF;170637;Capuchinos;Centro Salud San Juan;C/Valencia Nº 32;Salamanca;37003;Salamanca;Salamanca;40.9717564, -5.660800399999999;
Salamanca;VITIGUDINO;;15-8h laborables y 8-8 h SDF;170634;Vitigudino;Centro Salud Vitigudino;C/ Alameda, Nº 2;Vitigudino;37210;Vitigudino;Salamanca;41.0038847, -6.437811099999999;
Salamanca;FUENTE DE SAN ESTEBAN LA;;15-8h laborables y 8-8 h SDF;170608;Fuente de San Esteban La;Centro Salud Fuente de San Esteban (La);Pza. España, S/N;Fuente de San Esteban (La);37200;Fuente de San Esteban, La;Salamanca;40.8014841, -6.2585555;
Salamanca;FUENTEGUINALDO;;15-8h laborables y 8-8 h SDF;170609;Fuenteguinaldo;Centro Salud Fuenteguinaldo;C/ La Constitución, S/N;Fuenteguinaldo;37540;Fuenteguinaldo;Salamanca;40.42887839999999, -6.6754637;
Salamanca;PERIURBANA SUR;;15-8h laborables y 8-8 h SDF;170623;Periurbana Sur;Centro Salud Periurbana Norte;C/ De La Fuente, Nº 27-29;Villares de La Reina;37184;Villares de la Reina;Salamanca;41.0088363, -5.6475965;
Salamanca;ALDEADAVILA DE LA RIBERA;;15-8h laborables y 8-8 h SDF;170602;Aldeadavila de La Ribera;Centro Salud Aldeadávila de La Ribera;C/ Las Era, S/N;Aldeadávila de La Ribera;37250;Aldeadávila de la Ribera;Salamanca;41.216937, -6.6154687;
Salamanca;CANTALAPIEDRA;;15-8h laborables y 8-8 h SDF;170605;Cantalapiedra;Centro Salud Cantalapiedra;Plaza Ramón Laporta, Nº 25;Cantalapiedra;37400;Cantalapiedra;Salamanca;41.1251666, -5.1838863;
Salamanca;GUIJUELO;;15-8h laborables y 8-8 h SDF;170613;Guijuelo;Centro Salud Guijuelo;C/ Teso De La Feria, S/N;Guijuelo;37770;Guijuelo;Salamanca;40.559918, -5.6712228;
Salamanca;SANTA MARTA DE TORMES;;15-8h laborables y 8-8 h SDF;170628;Santa Marta de Tormes;Centro Salud Santa Marta de Tormes;C/ Padre Ignacio Ellacuría, S/N;Santa Marta de Tormes;37900;Santa Marta de Tormes;Salamanca;40.9508039, -5.628975;
Salamanca;SUAP SALAMANCA;;15-8h laborables y 8-8 h SDF;170627;San Jose;Centro Salud San Juan;C/Valencia Nº 32;Salamanca;37003;Salamanca;Salamanca;40.9717564, -5.660800399999999;
Salamanca;BEJAR;;15-8h laborables y 8-8 h SDF;170603;Béjar;Hospital de Béjar;Travesia De Santa Ana, Nº 4;Béjar;37700;Béjar;Salamanca;40.3851158, -5.7663494;
Salamanca;FUENTES DE OÑORO;;15-8h laborables y 8-8 h SDF;170610;Fuentes de Oñoro;Centro Salud Fuentes de Oñoro;Alfonso Navalón, Nº 59;Fuentes de Oñoro;37480;Fuentes de Oñoro;Salamanca;40.5973262, -6.820728700000001;
Salamanca;MATILLA DE LOS CAÑOS;;15-8h laborables y 8-8 h SDF;170619;Matilla de Los Caños;Centro Salud Matilla de Los Caños Del Río;C/ Cuartel;Matilla de Los Caños Del Río;37450;Matilla de los Caños del Río;Salamanca;40.82490869999999, -5.9436025;
Salamanca;CALZADA DE VALDUNCIEL;;15-8h laborables y 8-8 h SDF;170604;Calzada de Valdunciel;Centro Salud Calzada de Valdunciel;C/ La Laguna, S/N;Calzada De Valdunciel;37797;Calzada de Valdunciel;Salamanca;41.0870341, -5.6992965;
Salamanca;PERIURBANA NORTE;;15-8h laborables y 8-8 h SDF;170622;Periurbana Norte;Centro Salud Periurbana Norte;C/ De La Fuente, Nº 27-29;Villares de La Reina;37184;Villares de la Reina;Salamanca;41.0088363, -5.6475965;
Salamanca;SUAP SALAMANCA;;15-8h laborables y 8-8 h SDF;170635;Universidad-Centro;Centro Salud San Juan;C/Valencia Nº 32;Salamanca;37003;Salamanca;Salamanca;40.9717564, -5.660800399999999;
Salamanca;TAMAMES;;15-8h laborables y 8-8 h SDF;170630;Tamames;Centro Salud Tamames;Plaza Del Ferial, S/N;Tamames;37600;Tamames;Salamanca;40.6562276, -6.1074724;
Salamanca;VILLORIA;;15-8h laborables y 8-8 h SDF;170633;Villoria;Centro Salud Villoria;C/ Cañada, 2;Villoria;37339;Villoria;Salamanca;40.9918675, -5.3762477;
Salamanca;LEDESMA;;15-8h laborables y 8-8 h SDF;170616;Ledesma;Centro Salud Ledesma;Plaza Del Mercado, S/N;Ledesma;37100;Ledesma;Salamanca;41.08783, -6.00231;
Salamanca;;VILLARINO;15-8h laborables y 8-8 h SDF;170634;Vitigudino;CONSULTORIO DE ATENCION PRIMARIA Y CENTRO DE GUARDIAS DE VILLARINO;CL. ESPAÑA 6;VILLARINO;37160;VILLARINO;SALAMANCA;41.2685512, -6.4667534;
Salamanca;;BARRUECOPARDO;15-8h laborables y 8-8 h SDF;170602;Aldeadavila de La Ribera;CONSULTORIO DE ATENCION PRIMARIA Y CENTRO DE GUARDIAS DE BARRUECOPARDO;CL. SANTA ANA, 0;BARRUECOPARDO;37255;BARRUECOPARDO;SALAMANCA;41.0723871, -6.6682701;
Segovia;SAN LORENZO;;15-8h laborables y 8-8 h SDF;170711;Segovia Rural;Centro Salud Segovia III;C/ Via Roma S/N;Segovia;40003;Segovia;Segovia;40.950571, -4.112786;
Segovia;SEPULVEDA;;15-8h laborables y 8-8 h SDF;170712;Sepúlveda;Centro Salud Sepúlveda;C/ El Postiguillo, Nº 11;Sepúlveda;40300;Sepúlveda;Segovia;41.2995725, -3.7432514;
Segovia;ESPINAR EL;;15-8h laborables y 8-8 h SDF;170714;Espinar El;Centro Salud El Espinar;C/ María García, S/N;Espinar (El);40400;Espinar, El;Segovia;40.7230979, -4.246309399999999;
Segovia;SIERRA LA;;15-8h laborables y 8-8 h SDF;170705;Sierra La;Centro Salud La Sierra;C/ Pobo, Nº 2-8;Navafría;40161;Navafría;Segovia;41.055603, -3.8244087;
Segovia;SAN LORENZO;;15-8h laborables y 8-8 h SDF;170710;Segovia III;Centro Salud Segovia III;C/ Via Roma S/N;Segovia;40003;Segovia;Segovia;40.950571, -4.112786;
Segovia;FUENTESAUCO DE FUENTIDUEÑA;;15-8h laborables y 8-8 h SDF;170704;Fuentesauco de Fuentidueña;Centro Salud Fuentesaúco de Fuentidueña;C/ De La Fuente, Nº 10;Fuentesaúco de Fuentidueña;40355;Fuentesaúco de Fuentidueña;Segovia;41.42532, -4.06175;
Segovia;SAN ILDEFONSO-LA GRANJA;;15-8h laborables y 8-8 h SDF;170715;San Ildefonso-La Granja;Centro Salud San Ildefonso - La Granja;C/ San Juan De Nepomuceno, S/N;San Ildefonso;40100;Real Sitio de San Ildefonso;Segovia;40.90212950000001, -4.0048319;
Segovia;VILLACASTIN;;15-8h laborables y 8-8 h SDF;170713;Villacastín;Centro Salud Villacastín;C/ Costanilla De San Miguel, S/N;Villacastín;40150;Villacastín;Segovia;40.779088, -4.4176559;
Segovia;CARBONERO EL MAYOR;;15-8h laborables y 8-8 h SDF;170702;Carbonero El Mayor;Centro Salud Carbonero El Mayor;Ctra. De Bernardos, Nº 8;Carbonero El Mayor;40270;Carbonero el Mayor;Segovia;41.1238889, -4.2693011;
Segovia;CUELLAR;;15-8h laborables y 8-8 h SDF;170703;Cuellar;Centro Salud Cuéllar;C/ Solana Alta, S/N;Cuéllar;40200;Cuéllar;Segovia;41.4014148, -4.3145525;
Segovia;NAVA DE LA ASUNCION;;15-8h laborables y 8-8 h SDF;170706;Nava de La Asuncion;Centro Salud Nava de La Asunción;Plaza Del Caño, Nº 1;Nava de La Asunción;40450;Nava de la Asunción;Segovia;41.154486, -4.4888249;
Segovia;SACRAMENIA;;15-8h laborables y 8-8 h SDF;170716;Sacramenia;Centro Salud Sacramenia;C/ Sepúlveda, Nº 14;Sacramenia;40237;Sacramenia;Segovia;41.4935749, -3.9610853;
Segovia;RIAZA;;15-8h laborables y 8-8 h SDF;170707;Riaza;Centro Salud Riaza;Plaza María Hernado, Nº 1;Riaza;40500;Riaza;Segovia;41.2768374, -3.4796646;
Segovia;CANTALEJO;;15-8h laborables y 8-8 h SDF;170701;Cantalejo;Centro Salud Cantalejo;Ctra.Sepúlveda, Nº 54;Cantalejo;40320;Cantalejo;Segovia;41.2582369, -3.9198949;
Segovia;SAN LORENZO;;15-8h laborables y 8-8 h SDF;170708;Segovia I;Centro Salud Segovia III;C/ Via Roma S/N;Segovia;40003;Segovia;Segovia;40.950571, -4.112786;
Segovia;SAN LORENZO;;15-8h laborables y 8-8 h SDF;170709;Segovia II (Este);Centro Salud Segovia III;C/ Via Roma S/N;Segovia;40003;Segovia;Segovia;40.950571, -4.112786;
Segovia;;TURÉGANO;15-8h laborables y 8-8 h SDF;170701;Cantalejo;CONSULTORIO DE ATENCION PRIMARIA Y P.A.C. DE TUREGANO;CR. SEGOVIA S/N;40370;TUREGANO;TUREGANO;SEGOVIA;41.1573784, -4.01359;
Segovia;;AGUILAFUENTE;15-8h laborables y 8-8 h SDF;170702;Carbonero El Mayor;CONSULTORIO DE ATENCION PRIMARIA Y P.A.C. DE AGUILAFUENTE;CL. HOSPITAL 6;AGUILAFUENTE;40340;AGUILAFUENTE;SEGOVIA;41.2284274, -4.1122028;
Segovia;;STA MARÍA LA REAL DE NIEVA;15-8h laborables y 8-8 h SDF;170706;Nava de La Asuncion;CONSULTORIO DE ATENCION PRIMARIA Y P.A.C. DE SANTA MARIA LA REAL DE NIEVA;PZ. COSTANILLA 3;SANTA MARIA LA REAL DE NIEVA;40440;SANTA MARIA LA REAL DE NIEVA;SEGOVIA;41.0697101, -4.4072149;
Segovia;;VALVERDE;15-8h laborables y 8-8 h SDF;170711;Segovia Rural;CONSULTORIO DE ATENCION PRIMARIA Y P.A.C DE VALVERDE DEL MAJANO;CL. DEL PRADO 27;VALVERDE DEL MAJANO;40140;VALVERDE DEL MAJANO;SEGOVIA;40.9554331, -4.2360169;
Segovia;;BOCEGUILLAS;15-8h laborables y 8-8 h SDF;170712;Sepúlveda;CONSULTORIO DE ATENCION PRIMARIA Y P.A.C. DE BOCEGUILLAS;CL. CARDENAL CISNEROS 2;BOCEGUILLAS;40560;BOCEGUILLAS;SEGOVIA;41.3360551, -3.6375947;
Segovia;;AYLLON;15-8h laborables y 8-8 h SDF;170707;Riaza;CONSULTORIO DE ATENCION PRIMARIA Y P.A.C. DE AYLLON;CL. EL PARQUE 3;AYLLON;40520;AYLLON;SEGOVIA;41.4181962, -3.3792005;
Soria;AGREDA;;15-8h laborables y 8-8 h SDF;170801;Ágreda;Centro Salud Ágreda;C/ Venerable, Nº 85;Ágreda;42100;Ágreda;Soria;41.85372520000001, -1.9257741;
Soria;SORIA RURAL NORTE Y SUR;;15-8h laborables y 8-8 h SDF;170813;Soria Norte;Centro Salud Soria Sur;C/ Nicolas Rabal, Nº 19;Soria;42005;Soria;Soria;41.7627583, -2.4723715;
Soria;BERLANGA DE DUERO;;15-8h laborables y 8-8 h SDF;170804;Berlanga de Duero;Centro Salud Berlanga de Duero;C/ Manuel Vázquez, S/N;Berlanga de Duero;42360;Berlanga de Duero;Soria;41.4676011, -2.8635457;
Soria;OLVEGA;;15-8h laborables y 8-8 h SDF;170808;Ólvega;Centro Salud Ólvega;Plaza De La Constitución, Nº 1;Ólvega;42110;Ólvega;Soria;41.7779767, -1.9846796;
Soria;;LANGA DE DUERO;15-8h laborables y 8-8 h SDF;170806;San Esteban De Gormaz;CONSULTORIO LOCAL DE ALCOZAR se conoce como CONSULTORIO LOCAL LANGA DE DUERO;C/ LA FUENTE, 6;Langa de Duero;42320;Langa de Duero;Soria;41.6111953, -3.4004797;
Soria;SORIA RURAL NORTE Y SUR;;15-8h laborables y 8-8 h SDF;170811;Soria Rural;Centro Salud Soria Sur;C/ Nicolas Rabal, Nº 19;Soria;42004;Soria;Soria;41.7627583, -2.4723715;
Soria;;MEDINACELLI;15-8h laborables y 8-8 h SDF;170803;Arcos de Jalón;CONSULTORIO LOCAL DE MEDINACELI;CL. SAN  NICOLAS;MEDINACELI;42240;MEDINACELI;Soria;41.1719739, -2.4327433;
Soria;BURGO DE OSMA;;15-8h laborables y 8-8 h SDF;170805;Burgo de Osma;Centro Salud El Burgo de Osma;C/ Acosta, Nº 38;Burgo de Osma-Ciudad de Osma;42300;Burgo de Osma-Ciudad de Osma;Soria;41.589545, -3.0632153;
Soria;PINARES-COVALEDA;;15-8h laborables y 8-8 h SDF;170809;Pinares-Covaleda;Centro Salud Pinares - Covaleda;Plaza Mayor, S/N;Covaleda;42157;Covaleda;Soria;41.9337242, -2.8814981;
Soria;SAN LEONARDO DE YAGUE;;15-8h laborables y 8-8 h SDF;170810;San Leonardo De Yague;Centro Salud San Leonardo De Yagüe;C/ San Pedro;San Leonardo De Yagüe;42140;San Leonardo de Yagüe;Soria;41.8293534, -3.0654067;
Soria;SORIA RURAL NORTE Y SUR;;15-8h laborables y 8-8 h SDF;170814;Soria Sur;Centro Salud Soria Sur;C/ Nicolas Rabal, Nº 19;Soria;42003;Soria;Soria;41.7627583, -2.4723715;
Soria;ARCOS DE JALON;;15-8h laborables y 8-8 h SDF;170803;Arcos de Jalón;Centro Salud Arcos de Jalón;Ctra. De Marachón, S/N;Arcos de Jalón;42250;Arcos de Jalón;Soria;41.2125985, -2.2773454;
Soria;GOMARA;;15-8h laborables y 8-8 h SDF;170807;Gómara;Centro Salud Gómara;Ctra. De Almazán;Gómara;42120;Gómara;Soria;41.62265439999999, -2.2233568;
Soria;ALMAZAN;;15-8h laborables y 8-8 h SDF;170802;Almazán;Centro Salud Almazán;C/ Ferial;Almazán;42200;Almazán;Soria;41.490488, -2.5292678;
Soria;SAN ESTEBAN DE GORMAZ;;15-8h laborables y 8-8 h SDF;170806;San Esteban De Gormaz;Centro Salud San Esteban De Gormaz;C/ Conde De San Esteban, Nº 9;San Esteban De Gormaz;42330;San Esteban de Gormaz;Soria;41.5716285, -3.2005949;
Soria;SAN PEDRO MANRIQUE;;15-8h laborables y 8-8 h SDF;170812;San Pedro Manrique;Centro Salud San Pedro Manrique;Ctra. Mediana;San Pedro Manrique;42174;San Pedro Manrique;Soria;42.028077, -2.2311614;
Valladolid Este;ESGUEVILLAS ESGUEVA;;15-8h laborables y 8-8 h SDF;171002;Esguevillas Esgueva;Centro Salud Esguevillas De Esgueva;C/ Democracia, Nº 2;Esguevillas de Esgueva;47176;Esguevillas de Esgueva;Valladolid;41.74593420000001, -4.382147799999999;
Valladolid Este;MEDINA DEL CAMPO;;15-8h laborables y 8-8 h SDF;171021;Medina del Campo Rural;Centro Salud Medina Del Campo Urbano;C/ Almirante;Medina del Campo;47401;Medina del Campo;Valladolid;41.3085163, -4.9168321;
Valladolid Este;TUDELA DE DUERO;;15-8h laborables y 8-8 h SDF;171018;Tudela de Duero;Centro Salud Tudela De Duero;C/ María Zambrano, S/N;Tudela de Duero;47320;Tudela de Duero;Valladolid;41.5833979, -4.5884597;
Valladolid Este;VALLADOLID RURAL I;;15-8h laborables y 8-8 h SDF;171025;Valladolid Rural I;Centro Salud Valladolid Rural I;Ctra. De Valladolid, S/N;Renedo de Esgueva;47170;Renedo de Esgueva;Valladolid;41.6540721, -4.635014099999999;
Valladolid Este;PILARICA;;15-8h laborables y 8-8 h SDF;171010;Plaza Circular;Centro Salud Pilarica;C/ Dr. Montero, Nº2;Valladolid;47009;Valladolid;Valladolid;41.650487, -4.7145354;
Valladolid Este;PILARICA;;15-8h laborables y 8-8 h SDF;171013;Canterac;Centro Salud Pilarica;C/ Dr. Montero, Nº2;Valladolid;47010;Valladolid;Valladolid;41.650487, -4.7145354;
Valladolid Este;ISCAR;;15-8h laborables y 8-8 h SDF;171006;Íscar;Centro Salud Íscar;C/ Ronda, Nº 14;Íscar;47420;Íscar;Valladolid;41.3613353, -4.531999799999999;
Valladolid Este;PEÑAFIEL;;15-8h laborables y 8-8 h SDF;171015;Peñafiel;Centro Salud Peñafiel;C/ Cruz Roja;Peñafiel;47300;Peñafiel;Valladolid;41.5982115, -4.126731700000001;
Valladolid Este;PORTILLO;;15-8h laborables y 8-8 h SDF;171016;Portillo;Centro Salud Portillo;Cº De La Bomba;Arrabal De Portillo;47160;Portillo;Valladolid;41.4749911, -4.5893956;
Valladolid Este;RONDILLA;;15-22h laborables Y 9-22 h SDF;171011;Rondilla I;Centro Salud Rondilla I;C/ Cardenal Torquemada , Nº 54;Valladolid;47010;Valladolid;Valladolid;41.6643378, -4.719865;
Valladolid Este;RONDILLA;;15-22h laborables Y 9-22 h SDF;171012;Rondilla II;Centro Salud Rondilla I;C/ Cardenal Torquemada , Nº 54;Valladolid;47012;Valladolid;Valladolid;41.6643378, -4.719865;
Valladolid Este;RONDILLA;;15-22h laborables Y 9-22 h SDF;171023;Victoria La;Centro Salud Rondilla I;C/ Cardenal Torquemada , Nº 54;Valladolid;47014;Valladolid;Valladolid;41.6643378, -4.719865;
Valladolid Este;OLMEDO;;15-8h laborables y 8-8 h SDF;171020;Olmedo;Centro Salud Olmedo;C/ Calabazas, Nº 2;Olmedo;47410;Olmedo;Valladolid;41.2844443, -4.6819685;
Valladolid Este;PILARICA;;15-8h laborables y 8-8 h SDF;171003;Circunvalacion;Centro Salud Pilarica;C/ Dr. Montero, Nº2;Valladolid;47006;Valladolid;Valladolid;41.650487, -4.7145354;
Valladolid Este;PILARICA;;15-8h laborables y 8-8 h SDF;171008;San Isidro-Pajarillos;Centro Salud Pilarica;C/ Dr. Montero, Nº2;Valladolid;47008;Valladolid;Valladolid;41.650487, -4.7145354;
Valladolid Este;RONDILLA;;15-22h laborables Y 9-22 h SDF;171001;Barrio España;Centro Salud Rondilla I;C/ Cardenal Torquemada , Nº 54;Valladolid;47011;Valladolid;Valladolid;41.6643378, -4.719865;
Valladolid Este;RONDILLA;;15-22h laborables Y 9-22 h SDF;171014;San Pablo;Centro Salud Rondilla I;C/ Cardenal Torquemada , Nº 54;Valladolid;47013;Valladolid;Valladolid;41.6643378, -4.719865;
Valladolid Este;SERRADA;;15-8h laborables y 8-8 h SDF;171017;Serrada;Centro Salud Serrada;C/ Las Peñas, Nº 3;Serrada;47239;Serrada;Valladolid;41.4576684, -4.8615069;
Valladolid Este;ALAEJOS;;15-8h laborables y 8-8 h SDF;171019;Alaejos;Centro Salud Alaejos;Plaza Santa María;Alaejos;47510;Alaejos;Valladolid;41.3096076, -5.213698300000001;
Valladolid Este;CIGALES;;15-8h laborables y 8-8 h SDF;171026;Cigales;Centro Salud Cigales;Camino Del Río, Nº 7;Cigales;47270;Cigales;Valladolid;41.75574650000001, -4.695640099999999;
Valladolid Este;MEDINA DEL CAMPO;;15-8h laborables y 8-8 h SDF;171022;Medina del Campo Urbano;Centro Salud Medina Del Campo Urbano;C/ Almirante;Medina del Campo;47400;Medina del Campo;Valladolid;41.3085163, -4.9168321;
Valladolid Este;PILARICA;;15-8h laborables y 8-8 h SDF;171009;Pilarica;Centro Salud Pilarica;C/ Dr. Montero, Nº2;Valladolid;47005;Valladolid;Valladolid;41.650487, -4.7145354;
Valladolid Este;PILARICA;;15-8h laborables y 8-8 h SDF;171007;Magdalena;Centro Salud Pilarica;C/ Dr. Montero, Nº2;Valladolid;47007;Valladolid;Valladolid;41.650487, -4.7145354;
Valladolid Este;PILARICA;;15-8h laborables y 8-8 h SDF;171024;Centro-Gamazo;Centro Salud Pilarica;C/ Dr. Montero, Nº2;Valladolid;47011;Valladolid;Valladolid;41.650487, -4.7145354;
Valladolid Oeste;ARTURO EYRIES;;15-8h laborables y 8-8 h SDF;170903;Campo Grande;Centro Salud Arturo Eyries;C/ Puerto Rico, Nº 1;Valladolid;47015;Valladolid;Valladolid;41.634336, -4.7480382;
Valladolid Oeste;MOTA DEL MARQUES;;15-8h laborables y 8-8 h SDF;170914;Mota del Marques;Centro Salud Mota Del Marqués;C/ San Sebastián;Mota del Marqués;47120;Mota del Marqués;Valladolid;41.6336745, -5.1779967;
Valladolid Oeste;DELICIAS;;15-22h laborables y 9-22 h SDF;170927;Delicias I;Centro Salud Delicias I;Pº Juan Carlos I, Nº18;Valladolid;47013;Valladolid;Valladolid;41.6345215, -4.718659;
Valladolid Oeste;ARTURO EYRIES;;15-8h laborables y 8-8 h SDF;170915;Parquesol;Centro Salud Arturo Eyries;C/ Puerto Rico, Nº 1;Valladolid;47018;Valladolid;Valladolid;41.634336, -4.7480382;
Valladolid Oeste;ARTURO EYRIES;;15-8h laborables y 8-8 h SDF;170902;Arturo Eyries;Centro Salud Arturo Eyries;C/ Puerto Rico, Nº 1;Valladolid;47014;Valladolid;Valladolid;41.634336, -4.7480382;
Valladolid Oeste;ARTURO EYRIES;;15-8h laborables y 8-8 h SDF;170907;Huerta Del Rey;Centro Salud Arturo Eyries;C/ Puerto Rico, Nº 1;Valladolid;47017;Valladolid;Valladolid;41.634336, -4.7480382;
Valladolid Oeste;MAYORGA;;15-8h laborables y 8-8 h SDF;170910;Mayorga;Centro Salud Mayorga;C/ San Juan S/N;Mayorga;47680;Mayorga;Valladolid;42.1686233, -5.2643455;
Valladolid Oeste;MEDINA DE RIOSECO;;15-8h laborables y 8-8 h SDF;170913;Medina de Rioseco;Centro Salud Medina De Rioseco;Plaza De La Constitución;Medina de Rioseco;47800;Medina de Rioseco;Valladolid;41.8805693, -5.0410453;
Valladolid Oeste;PISUERGA;;15-8h laborables y 8-8 h SDF;170916;Pisuerga;Centro Salud Pisuerga;Plaza España, 5;Arroyo De La Encomienda;47195;Arroyo de la Encomienda;Valladolid;41.6258616, -4.7741272;
Valladolid Oeste;VALLADOLID RURAL II;;15-8h laborables y 8-8 h SDF;170926;Valladolid Rural II;Centro Salud Valladolid Rural II;C/ Eusebio Gonzalez Suarez S/N;Zaratán;47610;Zaratán;Valladolid;41.6601266, -4.7806808;
Valladolid Oeste;ARTURO EYRIES;;15-8h laborables y 8-8 h SDF;170906;Esperanto;Centro Salud Arturo Eyries;C/ Puerto Rico, Nº 1;Valladolid;47016;Valladolid;Valladolid;41.634336, -4.7480382;
Valladolid Oeste;DELICIAS;;15-22h laborables y 9-22 h SDF;170928;Delicias II;Centro Salud Delicias I;Pº Juan Carlos I, Nº18;Valladolid;47014;Valladolid;Valladolid;41.6345215, -4.718659;
Valladolid Oeste;ARTURO EYRIES;;15-8h laborables y 8-8 h SDF;170919;Valladolid Sur;Centro Salud Arturo Eyries;C/ Puerto Rico, Nº 1;Valladolid;47019;Valladolid;Valladolid;41.634336, -4.7480382;
Valladolid Oeste;LAGUNA DE DUERO;;15-8h laborables y 8-8 h SDF;170909;Laguna de Duero;Centro Salud Laguna De Duero;Avda. La Laguna, S/N;Laguna de Duero;47140;Laguna de Duero;Valladolid;41.58515999999999, -4.719552999999999;
Valladolid Oeste;TORDESILLAS;;15-8h laborables y 8-8 h SDF;170920;Tordesillas;Centro Salud Tordesillas;Ctra. De Valladolid, S/N;Tordesillas;47100;Tordesillas;Valladolid;41.5030986, -4.993538099999999;
Valladolid Oeste;VILLAFRECHOS;;15-8h laborables y 8-8 h SDF;170924;Villafrechos;Centro Salud Villafrechós;Ctra. De Villalpando;Villafrechós;47810;Villafrechós;Valladolid;41.89485579999999, -5.213381;
Valladolid Oeste;VILLALON DE CAMPOS;;15-8h laborables y 8-8 h SDF;170925;Villalón De Campos;Centro Salud Villalón De Campos;Avda. Del Parque, Nº 12;Villalón De Campos;47600;Villalón de Campos;Valladolid;42.0936694, -5.038187199999999;
Zamora;CORRALES DEL VINO;;15-8h laborables y 8-8 h SDF;171110;Corrales Del Vino;Centro Salud Corrales Del Vino;Ctra. De Avedillo;Corrales Del Vino;49700;Corrales del Vino;Zamora;41.3588515, -5.7215099;
Zamora;TABARA;;15-8h laborables y 8-8 h SDF;171116;Tabara;Centro Salud Tábara;Ctra De Riofrío, S/N;Tábara;49140;Tábara;Zamora;41.8233138, -5.966011;
Zamora;ZAMORA INTEGRADO;;15-8h laborables y 8-8 h SDF;171112;Doctor Fleming;Centro Salud Santa Elena;C/ Santa Elena, Nº 12;Zamora;49007;Zamora;Zamora;41.5114475, -5.7454228;
Zamora;ZAMORA INTEGRADO;;15-8h laborables y 8-8 h SDF;171120;Virgen De La Concha;Centro Salud Santa Elena;C/ Santa Elena, Nº 12;Zamora;49010;Zamora;Zamora;41.5114475, -5.7454228;
Zamora;ZAMORA SUR;;15-8h laborables y 8-8 h SDF;171122;Zamora Sur;Centro Salud Santa Elena;C/ Santa Elena, Nº 12;Zamora;49012;Zamora;Zamora;41.5114475, -5.7454228;
Zamora;CARBAJALES;;15-8h laborables y 8-8 h SDF;171108;Carbajales;Centro Salud Carbajales;Ctra. De Zamora, S/N;Carbajales De Alba;49160;Carbajales de Alba;Zamora;41.6507436, -5.9927341;
Zamora;GUAREÑA;;15-8h laborables y 8-8 h SDF;171113;Guareña;Centro Salud La Guareña;C/ Arrabal De San Pedro, S/N;Fuentesaúco;49400;Fuentesaúco;Zamora;41.2321785, -5.4991124;
Zamora;BENAVENTE;;15-8h laborables y 8-8 h SDF;171105;Benavente Sur;Centro Salud Benavente Sur;C/ Fray Toribio, Nº 2;Benavente;49600;Benavente;Zamora;42.0025768, -5.6752419;
Zamora;SAYAGO;;15-8h laborables y 8-8 h SDF;171115;Sayago;Centro Salud Sayago;Plaza Diputación, S/N;Bermillo De Sayago;49200;Bermillo de Sayago;Zamora;41.3649219, -6.1153876;
Zamora;VIDRIALES;;15-8h laborables y 8-8 h SDF;171118;Vidriales;Centro Salud Vidriales;C/ Benavente, S/N;Santibáñez De Vidriales;49610;Santibáñez de Vidriales;Zamora;42.07354249999999, -6.0110874;
Zamora;VILLALPANDO;;15-8h laborables y 8-8 h SDF;171119;Villalpando;Centro Salud Villalpando;Pº De Venus, S/N;Villalpando;49630;Villalpando;Zamora;41.8619275, -5.4144339;
Zamora;CAMPOS LAMPREANA;;15-8h laborables y 8-8 h SDF;171107;Campos Lampreana;Centro Salud Campos - Lampreana;C/ Santa Teresa, 60;Villarrín De Campos;49137;Villarrín de Campos;Zamora;41.7974368, -5.6387335;
Zamora;CARBALLEDA;;15-8h laborables y 8-8 h SDF;171109;Carballeda;Centro Salud Carballeda;Plaza Del Ayuntamiento, S/N;Mombuey;49310;Mombuey;Zamora;42.0240376, -6.3321055;
Zamora;ALISTE;;15-8h laborables y 8-8 h SDF;171102;Aliste;Centro Salud Aliste;C/ Alto De La Atalaya, S/N;Alcañices;49500;Alcañices;Zamora;41.6966592, -6.3462878;
Zamora;TERA;;15-8h laborables y 8-8 h SDF;171106;Tera;Centro Salud Tera;C/ Carretera, Nº 72;Camarzana De Tera;49332;Camarzana de Tera;Zamora;41.9940297, -6.0321488;
Zamora;ZAMORA NORTE;;15-8h laborables y 8-8 h SDF;171121;Zamora Norte;Centro Salud Santa Elena;C/ Santa Elena, Nº 12;Zamora;49011;Zamora;Zamora;41.5114475, -5.7454228;
Zamora;;MUELAS DEL PAN;15-8h laborables y 8-8 h SDF;171121;Zamora Norte;CONSULTORIO LOCAL MUELAS DEL PAN;CL SAN ROQUE, Nº 1;Muelas del Pan;49164;Muelas del Pan;Zamora;41.5219365, -5.9677556;
Zamora;ZAMORA INTEGRADO;;15-8h laborables y 8-8 h SDF;171111;Diego De Losada;Centro Salud Santa Elena;C/ Santa Elena, Nº 12;Zamora;49009;Zamora;Zamora;41.5114475, -5.7454228;
Zamora;TORO;;15-8h laborables y 8-8 h SDF;171117;Toro;Centro Salud Toro;C/ Cortes De Toro, S/N;Toro;49800;Toro;Zamora;41.5251118, -5.3952402;
Zamora;ZAMORA INTEGRADO;;15-8h laborables y 8-8 h SDF;171101;Parada Del Molino;Centro Salud Santa Elena;C/ Santa Elena, Nº 12;Zamora;49008;Zamora;Zamora;41.5114475, -5.7454228;
Zamora;ALTA SANABRIA;;15-8h laborables y 8-8 h SDF;171103;Alta Sanabria;Centro Salud Alto Sanabria;C/ Souto Da Feira, S/N;Lubián;49570;Lubián;Zamora;42.035672, -6.9080602;
Zamora;BENAVENTE;;15-8h laborables y 8-8 h SDF;171104;Benavente Norte;Centro Salud Benavente Sur;C/ Fray Toribio, Nº 2;Benavente;49601;Benavente;Zamora;42.0025768, -5.6752419;
Zamora;SANABRIA;;15-8h laborables y 8-8 h SDF;171114;Sanabria;Centro Salud Sanabria;Barrio De San Francisco, S/N;Puebla De Sanabria;49300;Puebla de Sanabria;Zamora;42.0538294, -6.6276074;
